{
  "ext/controller/ObjectPageController-dbg.controller.js": 1674575697398,
  "ext/controller/ObjectPageController.controller.js": 1674575697398,
  "ext/controller/UserAnalysisObjectPageController.controller.js": 1674575697398,
  "manifest.json": 1674579038987,
  "Component.js": 1674575697398,
  "Component-preload.js": 1674579039311,
  "ext/controller/UserAnalysisObjectPageController-dbg.controller.js": 1674575697398,
  "i18n/i18n.properties": 1674575697398,
  "Component-dbg.js": 1674575697398,
  "annotations/annotation.xml": 1674575697398,
  "index.html": 1674575697398
}