{
  "ext/controller/UserAnalysisObjectPageController.controller.js": 1675087463355,
  "Component.js": 1675087463355,
  "i18n/i18n.properties": 1675087463355,
  "ext/controller/ObjectPageController.controller.js": 1675087463355,
  "manifest.json": 1675269380911,
  "Component-preload.js": 1675269381247,
  "ext/controller/UserAnalysisObjectPageController-dbg.controller.js": 1675087463355,
  "ext/controller/ObjectPageController-dbg.controller.js": 1675087463355,
  "Component-dbg.js": 1675087463355,
  "annotations/annotation.xml": 1675087463355,
  "index.html": 1675087463355
}