{
  "ext/Test Card/te-dbg.controller.js": 1675087463363,
  "ext/Test Card/te.controller.js": 1675087463363,
  "manifest.json": 1675269386910,
  "ext/Test Card/Component.js": 1675087463363,
  "Component.js": 1675087463363,
  "Component-preload.js": 1675269387270,
  "i18n/i18n.properties": 1675087463363,
  "ext/Test Card/Component-dbg.js": 1675087463363,
  "Component-dbg.js": 1675087463363,
  "ext/Test Card/t.fragment.xml": 1675087463363,
  "annotations/annotation.xml": 1675087463363,
  "index.html": 1675087463363
}